<?xml version="1.0" encoding="windows-1252" standalone="yes"?><!-- Generated by abcexcel-->  
<Records>
  <Record>
    <Row
      A="ANNO"
      B="TIPO_EVENTO"
      C="TIPO_RITO_MATRIMONIO"
      D="MODALITA"
      E="N_EVENTI"
      F="ULTIMA_MODIFICA"
    />
  </Record>
  <Record>
    <Row
      A="2017"
      B="Separazione"
      C="Civile"
      D="Art_6"
      E="33"
      F="12/31/2017"
    />
  </Record>
  <Record>
    <Row
      A="2017"
      B="Separazione"
      C="Civile"
      D="Art_12"
      E="40"
      F="12/31/2017"
    />
  </Record>
  <Record>
    <Row
      A="2017"
      B="Separazione"
      C="Religioso"
      D="Art_6"
      E="88"
      F="12/31/2017"
    />
  </Record>
  <Record>
    <Row
      A="2017"
      B="Separazione"
      C="Religioso"
      D="Art_12"
      E="74"
      F="12/31/2017"
    />
  </Record>
  <Record>
    <Row
      A="2017"
      B="Divorzio"
      C="Civile"
      D="Art_6"
      E="103"
      F="12/31/2017"
    />
  </Record>
  <Record>
    <Row
      A="2017"
      B="Divorzio"
      C="Civile"
      D="Art_12"
      E="225"
      F="12/31/2017"
    />
  </Record>
  <Record>
    <Row
      A="2017"
      B="Divorzio"
      C="Religioso"
      D="Art_6"
      E="77"
      F="12/31/2017"
    />
  </Record>
  <Record>
    <Row
      A="2017"
      B="Divorzio"
      C="Religioso"
      D="Art_12"
      E="238"
      F="12/31/2017"
    />
  </Record>
</Records>